year,town,flat_type,min_selling_price,max_selling_price,average_selling_price
2008,PUNGGOL,2-ROOM,82000,107000,94500
2008,PUNGGOL,3-ROOM,135000,211000,173000
2008,PUNGGOL,4-ROOM,223000,327000,275000
2008,PUNGGOL,5-ROOM,305000,428000,366500
2008,JURONG WEST,3-ROOM,142000,160000,151000
2008,JURONG WEST,4-ROOM,211000,253000,232000
2008,JURONG WEST,5-ROOM,229000,319000,274000
2008,BUKIT PANJANG,2-ROOM,82000,106000,94000
2008,BUKIT PANJANG,3-ROOM,138000,170000,154000
2008,BUKIT PANJANG,4-ROOM,211000,270000,240500
2008,WOODLANDS,3-ROOM,116000,164000,140000
2008,WOODLANDS,4-ROOM,184000,257000,220500
2008,WOODLANDS,5-ROOM,247000,296000,271500
2008,SENGKANG,2-ROOM,73000,95000,84000
2008,SENGKANG,3-ROOM,120000,162000,141000
2008,SENGKANG,4-ROOM,190000,275000,232500
2008,SENGKANG,5-ROOM,290000,367000,328500
2009,PUNGGOL,2-ROOM,89000,114000,101500
2009,PUNGGOL,3-ROOM,151000,188000,169500
2009,PUNGGOL,4-ROOM,234000,322000,278000
2009,PUNGGOL,5-ROOM,332000,409000,370500
2009,JURONG WEST,2-ROOM,86000,103000,94500
2009,JURONG WEST,3-ROOM,138000,173000,155500
2009,JURONG WEST,4-ROOM,223000,266000,244500
2009,CHOA CHU KANG,2-ROOM,83000,104000,93500
2009,CHOA CHU KANG,3-ROOM,128000,172000,150000
2009,CHOA CHU KANG,4-ROOM,212000,275000,243500
2009,BUKIT PANJANG,2-ROOM,72000,94000,83000
2009,BUKIT PANJANG,3-ROOM,125000,157000,141000
2009,BUKIT PANJANG,4-ROOM,210000,250000,230000
2009,WOODLANDS,3-ROOM,141000,175000,158000
2009,WOODLANDS,4-ROOM,228000,288000,258000
2009,SENGKANG,2-ROOM,74000,98000,86000
2009,SENGKANG,3-ROOM,116000,171000,143500
2009,SENGKANG,4-ROOM,203000,271000,237000
2009,SENGKANG,5-ROOM,281000,352000,316500
2010,PUNGGOL,3-ROOM,150000,237000,193500
2010,PUNGGOL,4-ROOM,243000,376000,309500
2010,PUNGGOL,5-ROOM,330000,458000,394000
2010,JURONG WEST,3-ROOM,168000,199000,183500
2010,JURONG WEST,4-ROOM,239000,325000,282000
2010,JURONG WEST,5-ROOM,298000,391000,344500
2010,BUKIT PANJANG,2-ROOM,83000,119000,101000
2010,BUKIT PANJANG,3-ROOM,143000,191000,167000
2010,BUKIT PANJANG,4-ROOM,226000,312000,269000
2010,BUKIT PANJANG,5-ROOM,298000,398000,348000
2010,WOODLANDS,2-ROOM,78000,105000,91500
2010,WOODLANDS,3-ROOM,136000,168000,152000
2010,WOODLANDS,4-ROOM,224000,280000,252000
2010,WOODLANDS,5-ROOM,270000,328000,299000
2010,SENGKANG,2-ROOM,68000,120000,94000
2010,SENGKANG,3-ROOM,122000,232000,177000
2010,SENGKANG,4-ROOM,201000,359000,280000
2010,SENGKANG,5-ROOM,279000,444000,361500
2011,PUNGGOL,2-ROOM,85000,111000,98000
2011,PUNGGOL,3-ROOM,150000,242000,196000
2011,PUNGGOL,4-ROOM,257000,390000,323500
2011,PUNGGOL,5-ROOM,335000,484000,409500
2011,CHOA CHU KANG,3-ROOM,146000,172000,159000
2011,CHOA CHU KANG,4-ROOM,229000,284000,256500
2011,CHOA CHU KANG,5-ROOM,295000,364000,329500
2011,BUKIT PANJANG,3-ROOM,137000,189000,163000
2011,BUKIT PANJANG,4-ROOM,217000,298000,257500
2011,BUKIT PANJANG,5-ROOM,274000,386000,330000
2011,SEMBAWANG,2-ROOM,92000,116000,104000
2011,SEMBAWANG,3-ROOM,158000,191000,174500
2011,SEMBAWANG,4-ROOM,255000,310000,282500
2011,SENGKANG,2-ROOM,83000,112000,97500
2011,SENGKANG,3-ROOM,134000,220000,177000
2011,SENGKANG,4-ROOM,225000,370000,297500
2011,SENGKANG,5-ROOM,283000,456000,369500
2011,YISHUN,3-ROOM,156000,193000,174500
2011,YISHUN,4-ROOM,234000,296000,265000
2011,YISHUN,5-ROOM,277000,381000,329000
2012,PUNGGOL,2-ROOM,104000,130000,117000
2012,PUNGGOL,3-ROOM,163000,247000,205000
2012,PUNGGOL,4-ROOM,260000,379000,319500
2012,PUNGGOL,5-ROOM,326000,485000,405500
2012,CHOA CHU KANG,2-ROOM,99000,121000,110000
2012,CHOA CHU KANG,3-ROOM,138000,182000,160000
2012,CHOA CHU KANG,4-ROOM,223000,309000,266000
2012,CHOA CHU KANG,5-ROOM,284000,385000,334500
2012,WOODLANDS,4-ROOM,248000,312000,280000
2012,WOODLANDS,5-ROOM,308000,381000,344500
2012,SENGKANG,3-ROOM,151000,264000,207500
2012,SENGKANG,4-ROOM,251000,403000,327000
2012,SENGKANG,5-ROOM,304000,499000,401500
2012,YISHUN,3-ROOM,170000,197000,183500
2012,YISHUN,4-ROOM,264000,320000,292000
2012,YISHUN,5-ROOM,331000,388000,359500
2013,PUNGGOL,2-ROOM,81000,141000,111000
2013,PUNGGOL,3-ROOM,176000,232000,204000
2013,PUNGGOL,4-ROOM,279000,377000,328000
2013,PUNGGOL,5-ROOM,365000,495000,430000
2013,CHOA CHU KANG,3-ROOM,140000,172000,156000
2013,CHOA CHU KANG,4-ROOM,240000,288000,264000
2013,CHOA CHU KANG,5-ROOM,308000,372000,340000
2013,WOODLANDS,2-ROOM,73000,118000,95500
2013,WOODLANDS,3-ROOM,133000,183000,158000
2013,WOODLANDS,4-ROOM,223000,298000,260500
2013,WOODLANDS,5-ROOM,276000,369000,322500
2013,SEMBAWANG,2-ROOM,70000,109000,89500
2013,SEMBAWANG,3-ROOM,138000,177000,157500
2013,SEMBAWANG,4-ROOM,225000,304000,264500
2013,SEMBAWANG,5-ROOM,313000,381000,347000
2013,SENGKANG,2-ROOM,76000,124000,100000
2013,SENGKANG,3-ROOM,150000,189000,169500
2013,SENGKANG,4-ROOM,251000,329000,290000
2013,SENGKANG,5-ROOM,358000,425000,391500
2013,YISHUN,2-ROOM,75000,118000,96500
2013,YISHUN,3-ROOM,150000,234000,192000
2013,YISHUN,4-ROOM,252000,320000,286000
2013,YISHUN,5-ROOM,316000,393000,354500
2014,BUKIT BATOK,2-ROOM,80000,142000,111000
2014,BUKIT BATOK,3-ROOM,160000,211000,185500
2014,BUKIT BATOK,4-ROOM,259000,344000,301500
2014,BUKIT BATOK,5-ROOM,350000,457000,403500
2014,PUNGGOL,2-ROOM,82000,139000,110500
2014,PUNGGOL,3-ROOM,166000,212000,189000
2014,PUNGGOL,4-ROOM,278000,341000,309500
2014,PUNGGOL,5-ROOM,334000,429000,381500
2014,WOODLANDS,2-ROOM,72000,131000,101500
2014,WOODLANDS,3-ROOM,144000,197000,170500
2014,WOODLANDS,4-ROOM,229000,312000,270500
2014,WOODLANDS,5-ROOM,308000,396000,352000
2014,SEMBAWANG,2-ROOM,73000,119000,96000
2014,SEMBAWANG,3-ROOM,148000,185000,166500
2014,SEMBAWANG,4-ROOM,236000,301000,268500
2014,SEMBAWANG,5-ROOM,0,0,0
2014,SENGKANG,2-ROOM,90000,135000,112500
2014,SENGKANG,3-ROOM,164000,208000,186000
2014,SENGKANG,4-ROOM,267000,335000,301000
2014,SENGKANG,5-ROOM,0,0,0
2014,YISHUN,2-ROOM,73000,123000,98000
2014,YISHUN,3-ROOM,149000,177000,163000
2014,YISHUN,4-ROOM,240000,318000,279000
2014,YISHUN,5-ROOM,339000,409000,374000
2015,BUKIT BATOK,2-ROOM,84000,134000,109000
2015,BUKIT BATOK,3-ROOM,161000,202000,181500
2015,BUKIT BATOK,4-ROOM,266000,325000,295500
2015,BUKIT BATOK,5-ROOM,367000,424000,395500
2015,PUNGGOL,2-ROOM,84000,145000,114500
2015,PUNGGOL,3-ROOM,173000,223000,198000
2015,PUNGGOL,4-ROOM,277000,372000,324500
2015,PUNGGOL,5-ROOM,364000,489000,426500
2015,SEMBAWANG,2-ROOM,75000,123000,99000
2015,SEMBAWANG,3-ROOM,152000,188000,170000
2015,SEMBAWANG,4-ROOM,238000,302000,270000
2015,SEMBAWANG,5-ROOM,0,0,0
2015,SENGKANG,2-ROOM,80000,137000,108500
2015,SENGKANG,3-ROOM,159000,202000,180500
2015,SENGKANG,4-ROOM,252000,330000,291000
2015,SENGKANG,5-ROOM,320000,402000,361000
2016,BUKIT PANJANG,2-ROOM,73000,139000,106000
2016,BUKIT PANJANG,3-ROOM,147000,210000,178500
2016,BUKIT PANJANG,4-ROOM,239000,336000,287500
2016,BUKIT PANJANG,5-ROOM,315000,410000,362500
2016,PUNGGOL,2-ROOM,80000,140000,110000
2016,PUNGGOL,3-ROOM,163000,210000,186500
2016,PUNGGOL,4-ROOM,257000,365000,311000
2016,PUNGGOL,5-ROOM,329000,498000,413500
2016,SEMBAWANG,2-ROOM,74000,116000,95000
2016,SEMBAWANG,3-ROOM,151000,181000,166000
2016,SEMBAWANG,4-ROOM,235000,300000,267500
2016,SEMBAWANG,5-ROOM,311000,392000,351500
2016,YISHUN,2-ROOM,79000,123000,101000
2016,YISHUN,3-ROOM,156000,190000,173000
2016,YISHUN,4-ROOM,251000,297000,274000
2016,YISHUN,5-ROOM,0,0,0
2017,BUKIT BATOK,2-ROOM,87000,164000,125500
2017,BUKIT BATOK,3-ROOM,171000,246000,208500
2017,BUKIT BATOK,4-ROOM,265000,321000,293000
2017,BUKIT BATOK,5-ROOM,353000,418000,385500
2017,CHOA CHU KANG,2-ROOM,89000,139000,114000
2017,CHOA CHU KANG,3-ROOM,182000,211000,196500
2017,CHOA CHU KANG,4-ROOM,250000,340000,295000
2017,CHOA CHU KANG,5-ROOM,0,0,0
2017,PUNGGOL,2-ROOM,0,0,0
2017,PUNGGOL,3-ROOM,0,0,0
2017,PUNGGOL,4-ROOM,287000,347000,317000
2017,PUNGGOL,5-ROOM,357000,434000,395500
2017,SENGKANG,2-ROOM,78000,139000,108500
2017,SENGKANG,3-ROOM,159000,215000,187000
2017,SENGKANG,4-ROOM,252000,331000,291500
2017,SENGKANG,5-ROOM,317000,402000,359500
2017,WOODLANDS,2-ROOM,71000,129000,100000
2017,WOODLANDS,3-ROOM,140000,189000,164500
2017,WOODLANDS,4-ROOM,225000,318000,271500
2017,WOODLANDS,5-ROOM,279000,401000,340000
2017,YISHUN,2-ROOM,77000,113000,95000
2017,YISHUN,3-ROOM,157000,177000,167000
2017,YISHUN,4-ROOM,251000,291000,271000
2017,YISHUN,5-ROOM,331000,378000,354500
2018,JURONG WEST,2-ROOM,95000,160000,127500
2018,JURONG WEST,3-ROOM,185000,243000,214000
2018,JURONG WEST,4-ROOM,257000,364000,310500
2018,JURONG WEST,5-ROOM,338000,457000,397500
2018,PUNGGOL,2-ROOM,103000,158000,130500
2018,PUNGGOL,3-ROOM,189000,243000,216000
2018,PUNGGOL,4-ROOM,286000,362000,324000
2018,PUNGGOL,5-ROOM,393000,489000,441000
2018,SEMBAWANG,2-ROOM,0,0,0
2018,SEMBAWANG,3-ROOM,165000,204000,184500
2018,SEMBAWANG,4-ROOM,251000,304000,277500
2018,SEMBAWANG,5-ROOM,327000,391000,359000
2018,SENGKANG,2-ROOM,99000,151000,125000
2018,SENGKANG,3-ROOM,187000,242000,214500
2018,SENGKANG,4-ROOM,270000,353000,311500
2018,SENGKANG,5-ROOM,362000,438000,400000
2018,TENGAH,2-ROOM,101000,150000,125500
2018,TENGAH,3-ROOM,193000,243000,218000
2018,TENGAH,4-ROOM,290000,355000,322500
2018,TENGAH,5-ROOM,397000,480000,438500
2018,YISHUN,2-ROOM,75000,132000,103500
2018,YISHUN,3-ROOM,170000,216000,193000
2018,YISHUN,4-ROOM,248000,317000,282500
2018,YISHUN,5-ROOM,334000,405000,369500
2019,PUNGGOL,2-ROOM,109000,173000,141000
2019,PUNGGOL,3-ROOM,205000,268000,236500
2019,PUNGGOL,4-ROOM,287000,398000,342500
2019,PUNGGOL,5-ROOM,423000,551000,487000
2019,SEMBAWANG,2-ROOM,89000,141000,115000
2019,SEMBAWANG,3-ROOM,177000,210000,193500
2019,SEMBAWANG,4-ROOM,272000,320000,296000
2019,SEMBAWANG,5-ROOM,350000,406000,378000
2019,TENGAH,2-ROOM,106000,167000,136500
2019,TENGAH,3-ROOM,192000,256000,224000
2019,TENGAH,4-ROOM,302000,381000,341500
2019,TENGAH,5-ROOM,409000,510000,459500
2019,WOODLANDS,2-ROOM,86000,128000,107000
2019,WOODLANDS,3-ROOM,165000,194000,179500
2019,WOODLANDS,4-ROOM,244000,295000,269500
2019,WOODLANDS,5-ROOM,336000,383000,359500
2020,BUKIT BATOK,2-ROOM ,101000,144000,122500
2020,BUKIT BATOK,3-ROOM,175000,221000,198000
2020,BUKIT BATOK,4-ROOM,260000,334000,297000
2020,BUKIT BATOK,5-ROOM,384000,460000,422000
2020,CHOA CHU KANG,2-ROOM ,99000,143000,121000
2020,CHOA CHU KANG,3-ROOM,164000,214000,189000
2020,CHOA CHU KANG,4-ROOM,253000,326000,289500
2020,CHOA CHU KANG,5-ROOM,0,0,0
2020,SEMBAWANG,2-ROOM,92000,122000,107000
2020,SEMBAWANG,3-ROOM,163000,189000,176000
2020,SEMBAWANG,4-ROOM,260000,302000,281000
2020,SEMBAWANG,5-ROOM,336000,388000,362000
2020,TENGAH,2-ROOM,108000,167000,137500
2020,TENGAH,3-ROOM,194000,248000,221000
2020,TENGAH,4-ROOM,288000,366000,327000
2020,TENGAH,5-ROOM,394000,489000,441500
2020,WOODLANDS,2-ROOM,90000,162000,126000
2020,WOODLANDS,3-ROOM,184000,228000,206000
2020,WOODLANDS,4-ROOM,276000,381000,328500
2020,WOODLANDS,5-ROOM,405000,516000,460500
2021,HOUGANG,2-ROOM ,108000,234000,171000
2021,HOUGANG,3-ROOM,199000,340000,269500
2021,HOUGANG,4-ROOM,308000,507000,407500
2021,HOUGANG,5-ROOM,392000,495000,443500
2021,JURONG EAST,2-ROOM ,121000,189000,155000
2021,JURONG EAST,3-ROOM,237000,281000,259000
2021,JURONG EAST,4-ROOM,347000,436000,391500
2021,JURONG EAST,5-ROOM,0,0,0
2021,JURONG WEST,2-ROOM,0,0,0
2021,JURONG WEST,3-ROOM,173000,229000,201000
2021,JURONG WEST,4-ROOM,264000,321000,292500
2021,JURONG WEST,5-ROOM,0,0,0
2021,TENGAH,2-ROOM,113000,190000,151500
2021,TENGAH,3-ROOM,194000,273000,233500
2021,TENGAH,4-ROOM,299000,403000,351000
2021,TENGAH,5-ROOM,404000,525000,464500
2021,WOODLANDS,2-ROOM,98000,148000,123000
2021,WOODLANDS,3-ROOM,185000,219000,202000
2021,WOODLANDS,4-ROOM,275000,373000,324000
2021,WOODLANDS,5-ROOM,372000,491000,431500
2021,YISHUN,2-ROOM,95000,149000,122000
2021,YISHUN,3-ROOM,180000,248000,214000
2021,YISHUN,4-ROOM,270000,374000,322000
2021,YISHUN,5-ROOM,358000,490000,424000
2022,BUKIT BATOK,2-ROOM ,105000,169000,137000
2022,BUKIT BATOK,3-ROOM,206000,26900,116450
2022,BUKIT BATOK,4-ROOM,309000,392000,350500
2022,BUKIT BATOK,5-ROOM,495000,522000,508500
2022,CHOA CHU KANG,2-ROOM ,102000,160000,131000
2022,CHOA CHU KANG,3-ROOM,194000,243000,218500
2022,CHOA CHU KANG,4-ROOM,277000,363000,320000
2022,CHOA CHU KANG,5-ROOM,390000,508000,449000
2022,JURONG EAST,2-ROOM,97000,170000,133500
2022,JURONG EAST,3-ROOM,194000,245000,219500
2022,JURONG EAST,4-ROOM,283000,388000,335500
2022,JURONG EAST,5-ROOM,0,0,0
2022,JURONG WEST,2-ROOM,107000,180000,143500
2022,JURONG WEST,3-ROOM,187000,265000,226000
2022,JURONG WEST,4-ROOM,288000,393000,340500
2022,JURONG WEST,5-ROOM,412000,526000,469000
2022,TENGAH,2-ROOM,97000,174000,135500
2022,TENGAH,3-ROOM,190000,262000,226000
2022,TENGAH,4-ROOM,291000,397000,344000
2022,TENGAH,5-ROOM,401000,536000,468500
2022,WOODLANDS,2-ROOM,98000,154000,126000
2022,WOODLANDS,3-ROOM,188000,228000,208000
2022,WOODLANDS,4-ROOM,303000,363000,333000
2022,WOODLANDS,5-ROOM,0,0,0
2022,YISHUN,2-ROOM,84000,184000,134000
2022,YISHUN,3-ROOM,175000,229000,202000
2022,YISHUN,4-ROOM,248000,418000,333000
2022,YISHUN,5-ROOM,366000,595000,480500
2023,BUKIT PANJANG,2-ROOM,110000,190000,150000
2023,BUKIT PANJANG,3-ROOM,0,0,0
2023,BUKIT PANJANG,4-ROOM,320000,426000,373000
2023,BUKIT PANJANG,5-ROOM,0,0,0
2023,CHOA CHU KANG,2-ROOM,102000,168000,135000
2023,CHOA CHU KANG,3-ROOM,202000,272000,237000
2023,CHOA CHU KANG,4-ROOM,300000,437000,368500
2023,CHOA CHU KANG,5-ROOM,463000,595000,529000
2023,HOUGANG ,2-ROOM,136000,177000,156500
2023,HOUGANG,3-ROOM,247000,294000,270500
2023,HOUGANG,4-ROOM,371000,432000,401500
2023,HOUGANG,5-ROOM,0,0,0
2023,JURONG WEST,2-ROOM,110000,174000,142000
2023,JURONG WEST,3-ROOM,207000,277000,242000
2023,JURONG WEST,4-ROOM,315000,394000,354500
2023,JURONG WEST,5-ROOM,431000,540000,485500
2023,PUNGGOL,2-ROOM,131000,221000,176000
2023,PUNGGOL,3-ROOM,242000,296000,269000
2023,PUNGGOL,4-ROOM,318000,429000,373500
2023,PUNGGOL,5-ROOM,464000,582000,523000
2023,TENGAH,2-ROOM,114000,202000,158000
2023,TENGAH,3-ROOM,232000,309000,270500
2023,TENGAH,4-ROOM,350000,467000,408500
2023,TENGAH,5-ROOM,454000,607000,530500
2023,WOODLANDS,2-ROOM,119000,231000,175000
2023,WOODLANDS,3-ROOM,223000,345000,284000
2023,WOODLANDS,4-ROOM,303000,468000,385500
2023,WOODLANDS,5-ROOM,412000,612000,512000
